{"cameraMode":{"drawMode":0,"name":"Shaded","section":"Shading Mode"},"sceneLighting":true,"audioPlay":false,"sceneViewState":{"showFog":true,"showMaterialUpdate":false,"showSkybox":true,"showFlares":true,"showImageEffects":true,"showParticleSystems":true},"in2DMode":false,"pivot":{"x":10.05312728881836,"y":3.40643048286438,"z":-12.078192710876465},"rotation":{"x":-0.06823951005935669,"y":0.7119159698486328,"z":-0.06985500454902649,"w":-0.6954502463340759},"size":1.1827397346496583,"orthographic":false}